{"cameraMode":{"drawMode":0,"name":"Shaded","section":"Shading Mode"},"sceneLighting":false,"audioPlay":false,"sceneViewState":{"m_AlwaysRefresh":false,"showFog":true,"showSkybox":false,"showFlares":true,"showImageEffects":true,"showParticleSystems":true,"showVisualEffectGraphs":true,"m_FxEnabled":true},"in2DMode":false,"pivot":{"x":0.5710127353668213,"y":0.3125501573085785,"z":0.2524122893810272},"rotation":{"x":0.04267347604036331,"y":0.7897164821624756,"z":-0.05528966337442398,"w":0.6094890832901001},"size":2.804551601409912,"orthographic":false}