{"cameraMode":{"drawMode":0,"name":"Shaded","section":"Shading Mode"},"sceneLighting":true,"audioPlay":false,"sceneViewState":{"m_AlwaysRefresh":false,"showFog":true,"showSkybox":true,"showFlares":true,"showImageEffects":true,"showParticleSystems":true,"showVisualEffectGraphs":true,"m_FxEnabled":true},"in2DMode":false,"pivot":{"x":0.40661025047302248,"y":-2.3005404472351076,"z":2.888580322265625},"rotation":{"x":0.33005237579345705,"y":-0.05235319212079048,"z":0.018336793407797815,"w":0.9423316121101379},"size":6.355138301849365,"orthographic":false}