{"cameraMode":{"drawMode":0,"name":"Shaded","section":"Shading Mode"},"sceneLighting":false,"audioPlay":false,"sceneViewState":{"m_AlwaysRefresh":false,"showFog":true,"showSkybox":false,"showFlares":true,"showImageEffects":true,"showParticleSystems":true,"showVisualEffectGraphs":true,"m_FxEnabled":true},"in2DMode":false,"pivot":{"x":0.061971426010131839,"y":-0.18305760622024537,"z":0.14212313294410706},"rotation":{"x":0.11922785639762879,"y":0.6118525862693787,"z":-0.09397435933351517,"w":0.776271641254425},"size":1.015754222869873,"orthographic":false}